{"Name":"M01","Childs":[{"Name":"00","Childs":[{"Name":"read","Childs":[{"Name":"Result","Childs":null},{"Name":"AccId","Childs":null}]},{"Name":"write","Childs":[{"Name":"AccName","Childs":null},{"Name":"ID","Childs":null}]}]},{"Name":"01","Childs":[{"Name":"read","Childs":[{"Name":"RoleList","Childs":[{"Name":"RoleId","Childs":null},{"Name":"RoleName","Childs":null},{"Name":"RoleCareer","Childs":null},{"Name":"RoleSex","Childs":null},{"Name":"RoleLv","Childs":null}]}]},{"Name":"write","Childs":null}]},{"Name":"02","Childs":[{"Name":"read","Childs":[{"Name":"Result","Childs":null},{"Name":"RoleId","Childs":null},{"Name":"RoleName","Childs":null},{"Name":"RoleCareer","Childs":null},{"Name":"RoleSex","Childs":null}]},{"Name":"write","Childs":[{"Name":"RoleId","Childs":null},{"Name":"RoleName","Childs":null},{"Name":"RoleCareer","Childs":null},{"Name":"RoleSex","Childs":null}]}]},{"Name":"03","Childs":[{"Name":"read","Childs":[{"Name":"Result","Childs":null},{"Name":"AttrList","Childs":[{"Name":"key","Childs":null},{"Name":"val","Childs":null}]}]},{"Name":"write","Childs":[{"Name":"RoleId","Childs":null}]}]}]}
